,CBSA,Population_2010,CBSA_code,CO_8hr_ppm,Pb_3mo,NO2_Am_ppb,NO2_1h_ppb,O3_8hr_ppm,PM10_24hr,PM25_AM,PM25_24hr,SO2_1hr_ppb
1,"Aberdeen, SD",40602,10100,,,,,,35,5.9,18,
2,"Aberdeen, WA",72797,10140,,,,,,,,,
3,"Adjuntas, PR",19483,10260,,,,,,,5.5,16,
4,"Adrian, MI",99892,10300,,,,,0.05899999999999998,,8.5,22,
5,"Aguadilla-Isabela, PR",339441,10380,,,,,,,,,
6,"Akron, OH",703200,10420,,,,,0.066,,8.7,22,3
7,"Albany, GA",157308,10500,,,,,,,9.3,26,
8,"Albany, OR",116672,10540,,,,,,,,,
9,"Albany-Schenectady-Troy, NY",870716,10580,1,,,,0.05600000000000001,,7,18,3
10,"Albert Lea, MN",31255,10660,,,,,,,,,
11,"Albuquerque, NM",887077,10740,1,,9,44,0.069,141,7.7,20,4
12,"Alexandria, LA",153922,10780,,,,,,,7.5,16,
13,"Alexandria, MN",36009,10820,,,,,,,,,
14,"Allentown-Bethlehem-Easton, PA-NJ",821173,10900,,0.04,11,43,0.065,31,8.5,26,6
15,"Alpena, MI",29598,10980,,,,,,,,,
16,"Altoona, PA",127089,11020,,,,,0.064,,,,8
17,"Amarillo, TX",251933,11100,,,,,0.068,,5.2,13,8
18,"Americus, GA",37829,11140,,,,,0.062,,,,
19,"Ames, IA",89542,11180,,,,,,,,,
20,"Anchorage, AK",380821,11260,2,,,,,148,8.2,42,
21,"Ann Arbor, MI",344791,11460,,,,,0.06,,8.5,22,
22,"Appleton, WI",225666,11540,,,,,0.05700000000000001,,8,26,32
23,"Ardmore, OK",47557,11620,,,,,0.065,,7.7,16,
24,"Arecibo, PR",199471,11640,,0.07000000000000002,,,,,,,
25,"Arkadelphia, AR",22995,11660,,,,,0.05700000000000001,,,,
26,"Asheville, NC",424858,11700,,,,,0.062,,6.1,14,35
27,"Ashtabula, OH",101497,11780,,,,,0.068,,,,3
28,"Athens, OH",64757,11900,,,,,,,6.4,13,
29,"Athens, TN",52266,11940,,,,,,,7.4,15,
30,"Athens-Clarke County, GA",192541,12020,,,,,0.063,,9.8,21,
31,"Atlanta-Sandy Springs-Roswell, GA",5286728,12060,2,,16,50,0.075,40,10.8,24,5
32,"Atlantic City-Hammonton, NJ",274549,12100,,,,,0.05899999999999998,,6.7,17,1
33,"Augusta-Richmond County, GA-SC",564873,12260,,,,,0.066,25,10.7,22,49
34,"Augusta-Waterville, ME",122151,12300,,,3,27,0.054,,,,1
35,"Austin-Round Rock, TX",1716289,12420,2,,12,32,0.065,38,9.5,21,2
36,"Bakersfield, CA",839631,12540,1,,12,56,0.084,382,13,47,
37,"Baltimore-Columbia-Towson, MD",2710489,12580,2,,16,41,0.077,34,8.3,31,11
38,"Bangor, ME",153923,12620,,,,,0.054,43,4.3,13,
39,"Baraboo, WI",61976,12660,,,,,0.061,35,7.3,21,
40,"Barnstable Town, MA",215888,12700,,,,,0.06,,,,
41,"Barre, VT",59534,12740,,,,,,,,,
42,"Bartlesville, OK",50976,12780,,,,,,,,,
43,"Baton Rouge, LA",802484,12940,1,0,10,45,0.07000000000000002,51,9.2,23,16
44,"Bay City, MI",107771,13020,,,,,,,6.8,18,
45,"Beaumont-Port Arthur, TX",403190,13140,,,6,31,0.074,,8.5,19,62
46,"Beaver Dam, WI",88759,13180,0,,,,0.062,34,,,1
47,"Beckley, WV",124898,13220,,,,,,,,,
48,"Bellingham, WA",201140,13380,,,,,0.04399999999999999,,4.6,12,105
49,"Bemidji, MN",44442,13420,,,,,,,6,16,
50,"Bend-Redmond, OR",157733,13460,,,,,,,,,
51,"Bennington, VT",37125,13540,,,,,0.05600000000000001,,5.6,14,
52,"Berlin, NH-VT",39361,13620,,,,,0.055,,,,
53,"Big Spring, TX",36238,13700,,,,,,,,,80
54,"Billings, MT",158934,13740,,,,,,,,,18
55,"Binghamton, NY",251725,13780,,,,,,,,,
56,"Birmingham-Hoover, AL",1128047,13820,1,,12,50,0.074,106,10.4,21,78
57,"Bishop, CA",3879,13860,1,,,,0.069,529,5.2,16,0
58,"Bismarck, ND",114778,13900,1,,5,40,0.061,47,4.6,13,11
59,"Blacksburg-Christiansburg-Radford, VA",178237,13980,,0,,,0.06,,,,80
60,"Bloomington, IL",186133,14010,,,,,0.063,,9.2,21,
61,"Bloomington, IN",159549,14020,,,,,0.062,,7.7,16,
62,"Bluefield, WV-VA",107342,14140,,,,,,,,,
63,"Blytheville, AR",46480,14180,,,,,,,,,
64,"Boise City, ID",616561,14260,1,,,,0.05700000000000001,83,6.9,25,3
65,"Boone, NC",51079,14380,,,,,,,,,
66,"Borger, TX",22150,14420,,,,,,,,,168
67,"Boston-Cambridge-Newton, MA-NH",4552402,14460,1,,14,49,0.065,34,7.5,17,10
68,"Boulder, CO",294567,14500,,,,,0.069,52,7.4,36,
69,"Bowling Green, KY",158599,14540,0,,,,0.06,,8.1,17,2
70,"Bozeman, MT",89513,14580,0,,2,,,,0.9,5,
71,"Brainerd, MN",91067,14660,,,,,0.065,,4.3,17,
72,"Bremerton-Silverdale, WA",251133,14740,,,,,,,4.9,12,
73,"Bridgeport-Stamford-Norwalk, CT",916829,14860,2,,8,,0.084,43,7.8,20,3
74,"Brookings, SD",31965,15100,,,,,0.071,62,4.2,15,
75,"Brownsville-Harlingen, TX",406220,15180,,,,,0.05899999999999998,,9.7,25,
76,"Brunswick, GA",112370,15260,,,,,0.06,,7.6,17,
77,"Buffalo-Cheektowaga-Niagara Falls, NY",1135509,15380,1,,9,45,0.063,24,7,17,13
78,"Burlington, NC",151131,15500,,,,,,,,,
79,"Burlington-South Burlington, VT",211261,15540,1,,6,30,0.054,14,6.6,16,1
80,"Butte-Silver Bow, MT",34200,15580,,,,,,56,5.3,21,
81,"Cadillac, MI",47584,15620,,,1,8,0.061,,,,
82,"Cambridge, MD",32618,15700,,,,,0.067,,5.9,14,2
83,"Cañon City, CO",46824,15860,,,,,,,,,
84,"Canton-Massillon, OH",404422,15940,1,0.21,,,0.065,,9.6,22,
85,"Cape Coral-Fort Myers, FL",618754,15980,,,,,0.062,51,7.4,14,
86,"Carlsbad-Artesia, NM",53829,16100,,,5,28,0.08,,,,
87,"Carson City, NV",55274,16180,,,,,0.063,,4.5,11,
88,"Casper, WY",75450,16220,,,4,33,0.06,22,3.8,9,21
89,"Cedar City, UT",46163,16260,,,6,,0.06,,4.3,11,
90,"Cedar Rapids, IA",257940,16300,,,,,0.06,38,7.9,20,25
91,"Centralia, WA",75455,16500,,,,,,,,,
92,"Chambersburg-Waynesboro, PA",149618,16540,,,,,0.05899999999999998,,,,
93,"Champaign-Urbana, IL",231891,16580,,,,,0.062,,7.8,20,4
94,"Charleston, WV",227078,16620,1,,,,0.065,,7.5,14,6
95,"Charleston-North Charleston, SC",664607,16700,,,,,0.064,54,6.9,14,14
96,"Charlotte-Concord-Gastonia, NC-SC",2217012,16740,1,,11,37,0.074,36,9.5,18,3
97,"Charlottesville, VA",218705,16820,,,,,0.05700000000000001,,6.4,13,
98,"Chattanooga, TN-GA",528143,16860,,,,,0.065,,9,19,
99,"Cheyenne, WY",91738,16940,0,,3,31,0.06,83,3.7,10,6
100,"Chicago-Naperville-Elgin, IL-IN-WI",9461105,16980,2,0.19,17,56,0.071,73,10.8,26,79
101,"Chico, CA",220000,17020,1,,7,35,0.063,53,,,
102,"Cincinnati, OH-KY-IN",2114580,17140,2,,18,49,0.072,108,11.9,26,134
103,"Claremont-Lebanon, NH-VT",218466,17200,,,,,0.05,,4.9,14,
104,"Clarksburg, WV",94196,17220,,,,,,,7.3,14,
105,"Clarksville, TN-KY",260625,17300,,,,,0.061,,,,
106,"Clearlake, CA",64665,17340,,,,,0.051,21,3.1,8,
107,"Cleveland, MS",34145,17380,,,,,0.062,,9,21,
108,"Cleveland-Elyria, OH",2077240,17460,2,0.01,10,45,0.071,79,10.8,26,23
109,"Clinton, IA",49116,17540,,,,,0.05800000000000002,,9,25,15
110,"Coeur d'Alene, ID",138494,17660,,,,,,,,,
111,"College Station-Bryan, TX",228660,17780,,,,,,,,,8
112,"Colorado Springs, CO",645613,17820,2,,,,0.065,32,5,13,10
113,"Columbia, MO",162642,17860,,,,,0.05800000000000002,,,,
114,"Columbia, SC",767598,17900,1,,3,31,0.067,35,7.2,15,3
115,"Columbus, GA-AL",294865,17980,,0.03,,,0.063,,9.4,21,
116,"Columbus, IN",76794,18020,,,,,0.062,,6.9,16,
117,"Columbus, MS",59779,18060,,,,,,,,,
118,"Columbus, OH",1901974,18140,1,,10,42,0.068,39,9.7,22,
119,"Concord, NH",146445,18180,,,,,0.055,,,,19
120,"Cookeville, TN",106042,18260,,,,,,,6.2,13,
121,"Corning, NY",98990,18500,0,,,,0.054,,5.6,13,2
122,"Corpus Christi, TX",428185,18580,,,,,0.062,44,8.7,21,9
123,"Corsicana, TX",47735,18620,,,,,0.062,,,,37
124,"Corvallis, OR",85579,18700,,,,,,,,,
125,"Crawfordsville, IN",38124,18820,,,,,,,,,
126,"Crescent City, CA",28610,18860,,,,,,,,,
127,"Crestview-Fort Walton Beach-Destin, FL",235865,18880,,,,,0.063,65,,,
128,"Cullowhee, NC",40271,19000,,,,,,,,,
129,"Cumberland, MD-WV",103299,19060,,,,,,,,,144
130,"Dallas-Fort Worth-Arlington, TX",6426214,19100,1,0.23000000000000004,12,46,0.076,40,9,19,7
131,"Dalton, GA",142227,19140,,,,,0.067,,,,
132,"Daphne-Fairhope-Foley, AL",182265,19300,,,,,0.063,,7.5,15,
133,"Davenport-Moline-Rock Island, IA-IL",379690,19340,1,,,,0.066,129,8.6,22,5
134,"Dayton, OH",799232,19380,1,,,,0.065,54,9.4,22,6
135,"Decatur, AL",153829,19460,,,,,0.064,,7.6,14,
136,"Decatur, IL",110768,19500,,,,,0.063,,9.5,20,42
137,"Deltona-Daytona Beach-Ormond Beach, FL",590289,19660,,,,,0.05600000000000001,50,7.5,16,
138,"Deming, NM",25095,19700,,,,,,187,,,
139,"Denver-Aurora-Lakewood, CO",2543482,19740,2,,27,69,0.078,111,10,29,7
140,"Des Moines-West Des Moines, IA",569633,19780,1,,6,37,0.064,39,7,19,
141,"Detroit-Warren-Dearborn, MI",4296250,19820,2,0.03,16,50,0.07000000000000002,89,12.1,31,64
142,"Dickinson, ND",24199,19860,,,,,0.05800000000000002,,3.4,9,4
143,"Dodge City, KS",33848,19980,,,,,,60,,,
144,"Dothan, AL",145639,20020,,,,,0.05700000000000001,,8.1,17,
145,"Douglas, GA",42356,20060,,,,,,,7.2,17,
146,"Dover, DE",162310,20100,,,,,0.062,,7.6,19,
147,"DuBois, PA",81642,20180,,,,,0.054,,,,
148,"Duluth, MN-WI",279771,20260,,0,,,0.05700000000000001,81,5.5,18,
149,"Durango, CO",51334,20420,0,,5,,0.063,26,,,
150,"Durham-Chapel Hill, NC",504357,20500,,,,,0.063,27,7.7,15,41
151,"Dyersburg, TN",38335,20540,,,,,,,6.7,15,
152,"Eagle Pass, TX",54258,20580,,,,,,,7.5,21,
153,"East Stroudsburg, PA",169842,20700,,,,,0.06,,,,
154,"Eau Claire, WI",161151,20740,,,,,0.05600000000000001,41,7.7,22,
155,"Effingham, IL",34242,20820,,,,,0.063,,,,
156,"El Centro, CA",174528,20940,3,,9,49,0.08,162,10.7,27,5
157,"El Dorado, AR",41639,20980,,,,,,,9,18,
158,"Elizabeth City, NC",64094,21020,,,,,,,,,
159,"Elizabethtown-Fort Knox, KY",148338,21060,,,,,0.05800000000000002,,7.3,15,
160,"Elkhart-Goshen, IN",197559,21140,,,,,0.05800000000000002,,,,
161,"Elko, NV",50805,21220,,,,,,68,,,
162,"Ellensburg, WA",40915,21260,,,,,,,7,19,
163,"El Paso, TX",804123,21340,2,0.01,14,,0.075,79,8.5,25,
164,"Enid, OK",60580,21420,,,,,,,,,45
165,"Erie, PA",280566,21500,1,,4,,0.063,32,,,
166,"Española, NM",40246,21580,,,,,0.061,,,,
167,"Eugene, OR",351715,21660,,,,,0.055,72,9.2,37,
168,"Eureka-Arcata-Fortuna, CA",134623,21700,1,,2,17,0.046,44,6.8,18,1
169,"Evanston, WY",21118,21740,,,2,13,0.067,23,,,
170,"Evansville, IN-KY",311552,21780,1,,8,32,0.064,27,8.7,21,99
171,"Fairbanks, AK",97581,21820,2,,,,0.04699999999999999,200,15.5,78,30
172,"Fairmont, WV",56418,21900,,,,,,,,,
173,"Fallon, NV",24877,21980,,,,,0.061,,,,
174,"Fargo, ND-MN",208777,22020,,,4,39,0.062,78,6.5,18,3
175,"Farmington, MO",65359,22100,,0.01,,,,,,,
176,"Farmington, NM",130044,22140,,,10,35,0.069,23,,,1
177,"Fayetteville, NC",366383,22180,,,,,0.061,30,7.4,16,
178,"Fayetteville-Springdale-Rogers, AR-MO",463204,22220,,,,,0.061,26,8,19,
179,"Fergus Falls, MN",57303,22260,,,,,,,,,
180,"Fernley, NV",51980,22280,,,,,0.05700000000000001,50,,,
181,"Flagstaff, AZ",134421,22380,,,,,0.063,,,,
182,"Flint, MI",425790,22420,,,,,0.06,,7.4,19,
183,"Florence, SC",205566,22500,,0.11,,,0.065,,7.7,16,
184,"Florence-Muscle Shoals, AL",147137,22520,,,,,0.05600000000000001,,,,
185,"Fond du Lac, WI",101633,22540,,,,,0.05700000000000001,,,,
186,"Fort Collins, CO",299630,22660,1,,,,0.071,,6,20,
187,"Fort Madison-Keokuk, IA-IL-MO",62105,22800,,,,,,,8.3,20,
188,"Fort Payne, AL",14101,22840,,,,,0.062,,,,
189,"Fort Smith, AR-OK",280467,22900,,,5,25,0.05899999999999998,,8.1,17,
190,"Fort Wayne, IN",416257,23060,,,,,0.063,,9,22,
191,"Frankfort, KY",70706,23180,,,,,,,,,
192,"Fresno, CA",930450,23420,1,,20,63,0.08,234,11.2,37,6
193,"Gadsden, AL",104430,23460,,,,,0.063,,8.3,16,
194,"Gainesville, FL",264275,23540,,,,,0.06,,7.1,16,
195,"Gainesville, GA",179684,23580,,,,,,,9.3,19,
196,"Gardnerville Ranchos, NV",46997,23820,,,,,,,3.8,13,
197,"Georgetown, SC",60158,23860,,,,,,36,,,
198,"Gettysburg, PA",101407,23900,0,,2,12,0.062,,,,4
199,"Gillette, WY",46133,23940,,,4,31,0.055,115,1.9,7,
200,"Glenwood Springs, CO",73537,24060,,,4,,0.063,34,3.5,8,
201,"Goldsboro, NC",122623,24140,,,,,,,,,
202,"Grand Forks, ND-MN",98461,24220,,,,,,,,,
203,"Grand Island, NE",81850,24260,,,,,,,,,
204,"Grand Junction, CO",146723,24300,1,,,,0.063,33,5,15,
205,"Grand Rapids-Wyoming, MI",988938,24340,1,0.01,6,36,0.065,104,8.3,24,14
206,"Grants Pass, OR",82713,24420,,,,,,,9.7,30,
207,"Great Falls, MT",81327,24500,,,,,,,,,
208,"Greeley, CO",252825,24540,1,,,,0.065,,9,26,
209,"Green Bay, WI",306241,24580,,,,,0.061,,7.3,19,5
210,"Greenfield Town, MA",71372,24640,,,,,0.05600000000000001,,6.5,17,
211,"Greensboro-High Point, NC",723801,24660,,,,,0.064,33,6.8,15,
212,"Greenville, NC",168148,24780,,,,,0.061,,6.7,15,
213,"Greenville-Anderson-Mauldin, SC",824112,24860,,,8,,0.068,31,8.2,19,1
214,"Greenwood, SC",95078,24940,,,,,,,,,
215,"Grenada, MS",21906,24980,,,,,,,,,
216,"Guayama, PR",84214,25020,,,,,,,,,
217,"Gulfport-Biloxi-Pascagoula, MS",370702,25060,,,4,28,0.061,,9.2,20,5
218,"Hagerstown-Martinsburg, MD-WV",251599,25180,,,,,0.05899999999999998,,8.9,25,
219,"Hammond, LA",121097,25220,,,,,,,7.6,18,
220,"Hanford-Corcoran, CA",152982,25260,,,8,49,0.076,469,12.2,45,
221,"Harrisburg-Carlisle, PA",549475,25420,,,,,0.063,36,8.5,30,
222,"Harrison, AR",45233,25460,,,,,0.05800000000000002,,,,
223,"Harrisonburg, VA",125228,25500,,,9,38,0.055,,7.1,18,2
224,"Hartford-West Hartford-East Hartford, CT",1212381,25540,1,,13,42,0.076,52,7.3,17,
225,"Hattiesburg, MS",142842,25620,,,,,,,8.8,19,
226,"Helena, MT",74801,25740,0,,,,0.062,,8.6,30,3
227,"Helena-West Helena, AR",21757,25760,,,,,,,,,
228,"Hermiston-Pendleton, OR",87062,25840,,,,,0.05899999999999998,,,,
229,"Hickory-Lenoir-Morganton, NC",365497,25860,,,,,0.061,21,8.3,17,
230,"Hilo, HI",185079,25900,,,,,,,3.2,8,11
231,"Hilton Head Island-Bluffton-Beaufort, SC",187010,25940,,,,,,,,,
232,"Hobbs, NM",64727,26020,,,5,37,0.07000000000000002,,,,
233,"Holland, MI",111408,26090,,,,,0.071,,7.2,18,
234,"Homosassa Springs, FL",141236,26140,,,,,,,,,11
235,"Hot Springs, AR",96024,26300,,,,,,,8.8,16,
236,"Houma-Thibodaux, LA",208178,26380,,,,,0.063,,7.5,18,
237,"Houston-The Woodlands-Sugar Land, TX",5920416,26420,2,,17,56,0.08100000000000002,63,10.7,27,14
238,"Huntington, IN",37124,26540,,,,,0.06,,,,
239,"Huntington-Ashland, WV-KY-OH",364908,26580,,,5,27,0.05899999999999998,40,7.6,15,9
240,"Huntsville, AL",417593,26620,,,,,0.063,34,7.4,14,
241,"Hutchinson, MN",36651,26780,,,,,,,,,
242,"Idaho Falls, ID",133265,26820,,,,,0.05800000000000002,,,,
243,"Indiana, PA",88880,26860,,,,,0.065,,,,27
244,"Indianapolis-Carmel-Anderson, IN",1887877,26900,2,,9,37,0.067,57,12.6,27,
245,"Ionia, MI",63905,26960,,0.09,,,,,,,
246,"Iowa City, IA",152586,26980,,,,,,,7.6,20,
247,"Iron Mountain, MI-WI",30591,27020,,,,,,,,,
248,"Ithaca, NY",101564,27060,,,,,0.05600000000000001,,,,21
249,"Jackson, MS",567122,27140,1,,7,37,0.064,60,9.8,23,2
250,"Jackson, TN",130011,27180,,,,,,,7.5,15,
251,"Jackson, WY-ID",31464,27220,0,,,,0.061,40,3.6,12,
252,"Jacksonville, FL",1345596,27260,1,,11,39,0.065,57,8.6,20,41
253,"Jacksonville, NC",177772,27340,,,,,,,,,
254,"Jamestown-Dunkirk-Fredonia, NY",134905,27460,,,,,0.065,,5.9,14,3
255,"Janesville-Beloit, WI",160331,27500,,,,,0.061,,,,
256,"Jasper, IN",54734,27540,,,,,,30,8.4,19,
257,"Jefferson City, MO",149807,27620,,,,,0.05800000000000002,,,,
258,"Johnstown, PA",143679,27780,1,,6,34,0.054,27,9,24,13
259,"Jonesboro, AR",121026,27860,,,,,,,,,
260,"Joplin, MO",175518,27900,,,,,0.061,88,,,
261,"Juneau, AK",31275,27940,,,,,,50,6.8,25,
262,"Kahului-Wailuku-Lahaina, HI",154924,27980,,,,,,,4.1,17,
263,"Kalamazoo-Portage, MI",326589,28020,,,,,0.061,,,,
264,"Kalispell, MT",90928,28060,,,,,0.053000000000000005,83,6.6,24,
265,"Kansas City, MO-KS",2009342,28140,1,,11,47,0.064,71,7.6,17,7
266,"Kapaa, HI",67091,28180,,,4,38,,,2.9,8,
267,"Keene, NH",77117,28300,,,,,0.053000000000000005,,4.8,14,
268,"Kennewick-Richland, WA",253340,28420,,,,,0.061,65,,,
269,"Ketchikan, AK",13477,28540,,,,,,,,,
270,"Killeen-Temple, TX",405300,28660,,,3,27,0.067,,8.3,19,
271,"Kingsport-Bristol-Bristol, TN-VA",309544,28700,,0,,,0.064,,7.1,14,104
272,"Kingsville, TX",32477,28780,,,,,,,,,
273,"Kinston, NC",59495,28820,,,,,0.062,,,,
274,"Klamath Falls, OR",66380,28900,,,,,,58,10.5,34,
275,"Knoxville, TN",837571,28940,1,0.03,1,5,0.066,37,8.9,17,7
276,"Kokomo, IN",82752,29020,,,,,0.063,,7.3,18,
277,"Laconia, NH",60088,29060,,,,,0.052,,3.6,15,
278,"La Crosse-Onalaska, WI-MN",133665,29100,,,,,0.05800000000000002,,7.6,22,
279,"Lafayette, LA",466750,29180,,,,,0.063,52,7.9,17,
280,"Lafayette-West Lafayette, IN",201789,29200,,,,,0.061,,8.8,18,
281,"La Grande, OR",25748,29260,,,,,,36,,,
282,"Lake Charles, LA",199607,29340,,,8,39,0.065,,6.8,14,26
283,"Lake City, FL",67531,29380,,,,,0.063,,,,
284,"Lake Havasu City-Kingman, AZ",200186,29420,,,,,,72,,,
285,"Lakeland-Winter Haven, FL",602095,29460,,,,,0.067,57,7.7,19,26
286,"Lancaster, PA",519445,29540,,0.07000000000000002,,,0.065,51,9.7,30,
287,"Lansing-East Lansing, MI",464036,29620,,,7,44,0.055,,,,4
288,"Laramie, WY",36299,29660,,,,,0.065,82,3.7,10,
289,"Laredo, TX",250304,29700,3,,,,0.05899999999999998,48,10.7,29,
290,"Las Cruces, NM",209233,29740,,,7,46,0.077,488,7.2,21,
291,"Las Vegas-Henderson-Paradise, NV",1951269,29820,2,,24,58,0.07000000000000002,104,8,26,5
292,"Laurel, MS",84823,29860,,,,,,,,,
293,"Lawrenceburg, TN",41869,29980,,,,,,,,,
294,"Lawton, OK",130291,30020,,,,,0.066,,8.2,17,
295,"Lebanon, PA",133568,30140,,,,,0.065,,8.8,29,
296,"Lewiston, ID-WA",60888,30300,,,,,,,,,
297,"Lewiston-Auburn, ME",107702,30340,,,,,0.05,37,5.2,14,
298,"Lexington-Fayette, KY",472099,30460,,,6,42,0.05899999999999998,28,8,17,4
299,"Lima, OH",106331,30620,,,,,0.064,,7.4,17,3
300,"Lincoln, NE",302157,30700,,,,,0.05600000000000001,,6.5,17,33
301,"Little Rock-North Little Rock-Conway, AR",699757,30780,1,,8,38,0.06,38,10.3,23,13
302,"Logan, UT-ID",125442,30860,,,4,33,0.062,67,6.2,35,
303,"London, KY",126369,30940,,,,,,,,,
304,"Longview, TX",214369,30980,,,3,18,0.067,,,,115
305,"Longview, WA",102410,31020,,,,,,,,,
306,"Los Angeles-Long Beach-Anaheim, CA",12828837,31080,3,0.02,23,78,0.101,159,11,28,8
307,"Louisville/Jefferson County, KY-IN",1235708,31140,2,,15,49,0.068,40,10.5,23,15
308,"Lubbock, TX",290805,31180,,,,,,,6.4,14,
309,"Ludington, MI",28705,31220,,,,,0.05700000000000001,,,,
310,"Lumberton, NC",134168,31300,,,,,,,,,
311,"Lynchburg, VA",252634,31340,,,,,,,6.2,12,
312,"Macon, GA",232293,31420,,,,,0.066,,9.1,17,3
313,"Madera, CA",150865,31460,,,6,29,0.075,155,,,
314,"Madison, WI",605435,31540,,,,,0.05899999999999998,35,8,21,2
315,"Malone, NY",51599,31660,,,,,,,,,1
316,"Manchester-Nashua, NH",400721,31700,0,,,,0.05700000000000001,,3,10,1
317,"Manitowoc, WI",81442,31820,,,,,0.066,,,,
318,"Mankato-North Mankato, MN",96740,31860,,,,,,,,,
319,"Marietta, OH",61778,31930,,0,,,0.062,,,,
320,"Marion, NC",44996,32000,,,,,,,,,
321,"Marion, OH",66501,32020,,0.02,,,,,,,
322,"Marshall, MN",25857,32140,,,,,0.06,,5.9,18,
323,"Marshall, TX",65631,32220,,,2,16,0.062,,,,54
324,"Mason City, IA",51749,32380,,,,,,41,,,
325,"Mayagüez, PR",106330,32420,,,,,0.014000000000000002,,,,
326,"McAlester, OK",45837,32540,,0,,,0.065,,8.1,17,
327,"McAllen-Edinburg-Mission, TX",774769,32580,,,,,0.053000000000000005,50,10.7,30,
328,"Medford, OR",203206,32780,,,,,0.062,54,8.7,37,
329,"Memphis, TN-MS-AR",1324829,32820,1,,10,40,0.07000000000000002,54,8.8,19,2
330,"Merced, CA",255793,32900,,,6,34,0.072,80,9.6,30,
331,"Meridian, MS",107449,32940,,,,,0.05899999999999998,,,,
332,"Miami, OK",31848,33060,,0.05,,,0.055,52,,,
333,"Miami-Fort Lauderdale-West Palm Beach, FL",5564635,33100,2,,15,48,0.06,54,8.9,19,1
334,"Michigan City-La Porte, IN",111467,33140,,,,,0.071,,7.9,24,
335,"Middlesborough, KY",28691,33180,,,,,0.05899999999999998,,7.3,17,
336,"Milwaukee-Waukesha-West Allis, WI",1555908,33340,1,,13,47,0.068,58,9.3,24,4
337,"Minneapolis-St. Paul-Bloomington, MN-WI",3348859,33460,1,0.07000000000000002,8,41,0.062,98,8,23,10
338,"Minot, ND",69540,33500,,,2,14,0.063,27,4.5,11,8
339,"Missoula, MT",109299,33540,,,,,0.03500000000000001,77,8.5,21,
340,"Mobile, AL",412992,33660,,,,,0.05899999999999998,,8.3,17,22
341,"Modesto, CA",514453,33700,1,,9,44,0.079,104,10.6,36,
342,"Monroe, LA",176441,33740,,,,,0.05899999999999998,,7.2,15,
343,"Monroe, MI",152021,33780,,,,,,70,,,9
344,"Montgomery, AL",374536,33860,,,,,0.06,33,9,16,
345,"Morehead City, NC",66469,33980,,,,,0.061,,,,
346,"Morgantown, WV",129709,34060,,,,,0.06,,7.2,15,14
347,"Morristown, TN",113951,34100,,,,,0.065,,,,
348,"Moscow, ID",37244,34140,,,,,,,,,
349,"Moses Lake, WA",89120,34180,,,,,,,,,
350,"Mount Pleasant, TX",32334,34420,,,,,,,,,31
351,"Mount Vernon, IL",38827,34500,,,,,0.064,,8.3,17,
352,"Mount Vernon, OH",60921,34540,,,,,0.063,,,,
353,"Mount Vernon-Anacortes, WA",116901,34580,,,,,0.04,,5.5,12,3
354,"Muncie, IN",117671,34620,,0.03,,,0.05899999999999998,,8.3,19,
355,"Muscatine, IA",42745,34700,,,,,,36,8.1,23,25
356,"Muskegon, MI",172188,34740,,,,,0.068,,,,
357,"Muskogee, OK",70990,34780,,,,,,173,,,
358,"Myrtle Beach-Conway-North Myrtle Beach, SC-NC",376722,34820,,,,,0.064,,,,60
359,"Napa, CA",136484,34900,1,,5,29,0.06,29,5.9,14,
360,"Naples-Immokalee-Marco Island, FL",321520,34940,,,,,0.05899999999999998,,,,
361,"Nashville-Davidson--Murfreesboro--Franklin, TN",1670890,34980,1,,14,51,0.066,32,9.2,18,
362,"Natchez, MS-LA",53119,35020,,,,,,,,,
363,"New Castle, IN",49462,35220,,,,,,,7.7,17,
364,"New Castle, PA",91108,35260,,0.01,,,0.05600000000000001,,,,
365,"New Haven-Milford, CT",862477,35300,1,,12,46,0.084,67,7.7,18,2
366,"New Orleans-Metairie, LA",1189866,35380,2,0.09,10,43,0.063,79,7.8,17,53
367,"New York-Newark-Jersey City, NY-NJ-PA",19567410,35620,2,,21,66,0.073,34,11,24,11
368,"Niles-Benton Harbor, MI",156813,35660,,,,,0.066,,,,
369,"Nogales, AZ",47420,35700,,,,,,108,8.8,25,
370,"North Platte, NE",37590,35820,,,,,,,,,
371,"North Port-Sarasota-Bradenton, FL",702281,35840,,,,,0.068,54,6.8,15,5
372,"Norwich-New London, CT",274055,35980,,,,,0.075,30,6.5,16,
373,"Ocala, FL",331298,36100,,,,,0.062,,,,
374,"Odessa, TX",137130,36220,,,,,,,7.6,17,
375,"Ogden-Clearfield, UT",597159,36260,1,,12,46,0.073,50,5.7,19,
376,"Ogdensburg-Massena, NY",111944,36300,,,,,,,,,82
377,"Oklahoma City, OK",1252987,36420,1,,12,,0.066,63,10,21,1
378,"Olympia-Tumwater, WA",252264,36500,1,,,,0.052,,,,
379,"Omaha-Council Bluffs, NE-IA",865350,36540,2,0.06,,,0.062,50,7.8,22,38
380,"Orangeburg, SC",92501,36700,,,,,,,,,
381,"Orlando-Kissimmee-Sanford, FL",2134411,36740,1,,4,30,0.072,49,6.9,16,3
382,"Oshkosh-Neenah, WI",166994,36780,,,,,,,,,
383,"Othello, WA",18728,36830,,,,,,,,,
384,"Ottawa-Peru, IL",154908,36860,,,,,,,,,22
385,"Owensboro, KY",114752,36980,,,4,27,0.063,,8.5,20,34
386,"Oxford, NC",59916,37080,,,,,0.062,,,,
387,"Oxnard-Thousand Oaks-Ventura, CA",823318,37100,,,7,34,0.072,163,7.3,17,
388,"Paducah, KY-IL",98762,37140,,,5,32,0.061,28,9.3,21,13
389,"Pahrump, NV",43946,37220,,,,,,132,,,
390,"Palatka, FL",74364,37260,,,,,,60,,,9
391,"Palm Bay-Melbourne-Titusville, FL",543376,37340,,,,,0.05800000000000002,47,,,
392,"Panama City, FL",184715,37460,,,,,0.062,,,,
393,"Parkersburg-Vienna, WV",92673,37620,,,,,0.061,,,,22
394,"Payson, AZ",53597,37740,,0.16,,,0.075,191,,,191
395,"Pensacola-Ferry Pass-Brent, FL",448991,37860,,,,,0.065,,8.4,20,12
396,"Peoria, IL",379186,37900,,,,,0.064,,8,19,17
397,"Philadelphia-Camden-Wilmington, PA-NJ-DE-MD",5965343,37980,2,0,13,52,0.072,49,9.8,26,17
398,"Phoenix-Mesa-Scottsdale, AZ",4192887,38060,2,0.05,25,52,0.076,990,10.9,30,5
399,"Picayune, MS",55834,38100,,,,,,,,,
400,"Pierre, SD",21361,38180,,,,,,,3.3,11,
401,"Pine Bluff, AR",100258,38220,,,,,,,,,
402,"Pittsburgh, PA",2356285,38300,3,0,10,37,0.064,86,12.2,39,80
403,"Pittsfield, MA",131219,38340,,,,,0.06,,7.1,17,
404,"Platteville, WI",51208,38420,,,,,,,8.4,25,
405,"Pocatello, ID",82839,38540,,,,,,67,,,39
406,"Point Pleasant, WV-OH",58258,38580,,,,,,,,,61
407,"Ponca City, OK",46562,38620,,,,,0.061,,7.9,19,23
408,"Ponce, PR",350480,38660,1,,,,,94,6.3,17,
409,"Port Angeles, WA",71404,38820,0,,,,0.051,,,,1
410,"Portland-South Portland, ME",514098,38860,1,,7,40,0.064,91,8.7,20,
411,"Portland-Vancouver-Hillsboro, OR-WA",2226009,38900,1,,11,33,0.065,32,7,25,3
412,"Port St. Lucie, FL",424107,38940,,,,,0.06,,,,
413,"Portsmouth, OH",79499,39020,,,,,,77,6.7,13,32
414,"Prescott, AZ",211033,39140,,,,,0.061,,,,
415,"Price, UT",21403,39220,,,2,16,0.068,,,,
416,"Prineville, OR",20978,39260,,,,,,,7.6,28,
417,"Providence-Warwick, RI-MA",1600852,39300,2,,17,52,0.066,37,8.3,18,2
418,"Provo-Orem, UT",526810,39340,1,,9,42,0.066,53,6.1,21,
419,"Pueblo, CO",159063,39380,,,,,,50,4.7,8,
420,"Pullman, WA",44776,39420,,,,,,,,,
421,"Quincy, IL-MO",77314,39500,,,,,0.062,,,,
422,"Racine, WI",195408,39540,,,,,0.066,,,,
423,"Raleigh, NC",1130490,39580,1,,9,34,0.064,30,8.9,17,2
424,"Rapid City, SD",134598,39660,,,6,,0.05700000000000001,170,5.9,16,7
425,"Reading, PA",411442,39740,,0.03,,,0.066,,8.5,28,
426,"Red Bluff, CA",63463,39780,,,,,0.066,33,5.4,15,
427,"Redding, CA",177223,39820,,,,,0.063,32,6.7,23,
428,"Red Wing, MN",46183,39860,,,,,0.062,,,,
429,"Reno, NV",425417,39900,2,,11,46,0.066,78,6,16,3
430,"Richmond, VA",1208101,40060,1,,12,43,0.064,27,8.4,20,14
431,"Richmond-Berea, KY",99972,40080,,0.02,,,,,,,
432,"Riverside-San Bernardino-Ontario, CA",4224851,40140,1,0.01,29,74,0.10600000000000002,243,12.8,36,7
433,"Riverton, WY",40123,40180,,,1,4,0.065,34,2.5,6,64
434,"Roanoke, VA",308707,40220,1,0.01,5,32,0.05899999999999998,,6.6,13,36
435,"Roanoke Rapids, NC",76790,40260,,,,,,,,,
436,"Rochester, MN",206877,40340,,,,,0.054,,,,
437,"Rochester, NY",1079671,40380,1,,8,39,0.06,24,6.6,16,2
438,"Rockford, IL",349431,40420,,,,,0.066,,,,
439,"Rockland, ME",7297,40500,,,,,0.05899999999999998,,,,
440,"Rock Springs, WY",43806,40540,,,3,38,0.065,87,4.4,15,13
441,"Rocky Mount, NC",152392,40580,,,,,0.06,,,,
442,"Rome, GA",96317,40660,,,,,,,,,22
443,"Roseburg, OR",107667,40700,,,,,,,,,
444,"Roswell, NM",65645,40740,,,,,,,,,
445,"Russellville, AR",83939,40780,,,,,,,,,
446,"Rutland, VT",61642,40860,1,,7,35,0.052,34,7.5,20,3
447,"Sacramento--Roseville--Arden-Arcade, CA",2149127,40900,1,,12,55,0.079,90,8.4,30,3
448,"Saginaw, MI",200169,40980,,,,,,,,,
449,"St. Cloud, MN",189093,41060,,,,,0.061,,,,
450,"St. George, UT",138115,41100,,,3,26,0.064,,,,
451,"St. Joseph, MO-KS",127329,41140,,,,,0.061,94,8.5,18,
452,"St. Louis, MO-IL",2787701,41180,2,0.15,11,45,0.07000000000000002,99,10.5,25,36
453,"St. Marys, PA",13070,41260,,,,,0.05800000000000002,,,,
454,"Salem, OH",107841,41400,,0.01,,,,26,,,3
455,"Salem, OR",390738,41420,,,,,0.055,,,,
456,"Salina, KS",61697,41460,,0.05,,,,,,,
457,"Salinas, CA",415057,41500,1,,4,26,0.05800000000000002,76,5.5,12,
458,"Salisbury, MD-DE",373802,41540,,,,,0.065,,7.6,21,1
459,"Salt Lake City, UT",1087873,41620,1,,18,55,0.073,67,9,31,13
460,"San Antonio-New Braunfels, TX",2142508,41700,1,,7,40,0.075,42,8.9,21,4
461,"San Diego-Carlsbad, CA",3095313,41740,2,0.02,14,47,0.076,153,13.7,27,1
462,"Sandpoint, ID",40877,41760,,,,,,40,,,
463,"Sanford, NC",57866,41820,,,,,,,,,
464,"San Francisco-Oakland-Hayward, CA",4335391,41860,2,,15,48,0.072,34,9.4,19,15
465,"San Jose-Sunnyvale-Santa Clara, CA",1836911,41940,2,0.07000000000000002,14,52,0.064,75,9.1,21,2
466,"San Juan-Carolina-Caguas, PR",2350126,41980,3,,14,83,0.034,91,7.5,20,
467,"San Luis Obispo-Paso Robles-Arroyo Grande, CA",269637,42020,,,4,27,0.07000000000000002,129,7,20,1
468,"Santa Cruz-Watsonville, CA",262382,42100,,,,,0.052,,6.5,13,
469,"Santa Fe, NM",144170,42140,,,,,0.066,,2.9,7,
470,"Santa Maria-Santa Barbara, CA",423895,42200,1,,5,26,0.068,87,6.8,16,3
471,"Santa Rosa, CA",483878,42220,1,,4,28,0.05600000000000001,73,5.7,14,
472,"Sault Ste. Marie, MI",38520,42300,,,,,,,,,
473,"Savannah, GA",347611,42340,,,,,0.06,,,,50
474,"Sayre, PA",62622,42380,,,3,,0.053000000000000005,,7.4,17,
475,"Scottsbluff, NE",38971,42420,,,,,,,4.8,12,
476,"Scranton--Wilkes-Barre--Hazleton, PA",563631,42540,1,,8,42,0.063,26,,,3
477,"Searcy, AR",77076,42620,,,,,,,,,
478,"Seattle-Tacoma-Bellevue, WA",3439809,42660,1,,18,57,0.05600000000000001,22,8.5,28,6
479,"Sebastian-Vero Beach, FL",138028,42680,,,,,0.05899999999999998,,,,
480,"Sebring, FL",98786,42700,,,,,0.05899999999999998,,,,
481,"Seneca, SC",74273,42860,,,,,0.065,,,,1
482,"Seneca Falls, NY",35251,42900,,,,,,,,,2
483,"Sevierville, TN",89889,42940,,,,,0.062,,,,
484,"Seymour, IN",42376,42980,,,,,0.06,,,,
485,"Shawnee, OK",69442,43060,,,,,,,,,
486,"Sheboygan, WI",115507,43100,,,,,0.068,,,,
487,"Shelton, WA",60699,43220,,,,,,,,,
488,"Sheridan, WY",29116,43260,,,,,0.06,40,6,18,
489,"Show Low, AZ",107449,43320,,,,,0.066,35,,,
490,"Shreveport-Bossier City, LA",439811,43340,,,,,0.061,44,10.7,23,5
491,"Sierra Vista-Douglas, AZ",131346,43420,,,,,0.066,97,5.1,10,
492,"Silver City, NM",29514,43500,,,,,,,,,
493,"Sioux City, IA-NE-SD",168563,43580,,,2,12,0.064,56,7.4,22,3
494,"Sioux Falls, SD",228261,43620,1,,5,31,0.065,37,3.9,16,2
495,"Somerset, KY",63063,43700,,,,,0.05700000000000001,,7,14,
496,"Somerset, PA",77742,43740,,,,,0.06,,,,
497,"Sonora, CA",55365,43760,,,,,0.069,,,,
498,"South Bend-Mishawaka, IN-MI",319224,43780,,,9,40,0.065,,8.3,22,
499,"Spartanburg, SC",313268,43900,,,,,0.068,,7.7,15,
500,"Spokane-Spokane Valley, WA",527753,44060,,,,,0.05700000000000001,107,7.5,25,
501,"Springfield, IL",210170,44100,,,,,0.062,,8.2,18,
502,"Springfield, MA",621570,44140,1,,10,44,0.066,15,7.7,17,3
503,"Springfield, MO",436712,44180,,,,,0.06,33,,,
504,"Springfield, OH",138333,44220,,,,,0.066,,9.8,22,3
505,"State College, PA",153990,44300,,,3,29,0.05899999999999998,,9.8,25,3
506,"Steamboat Springs, CO",23509,44460,,,,,,73,,,
507,"Stillwater, OK",77350,44660,,,,,,,,,
508,"Stockton-Lodi, CA",685306,44700,1,,12,58,0.069,123,9.3,33,
509,"Summerville, GA",26015,44900,,,,,0.06,,,,
510,"Syracuse, NY",662577,45060,,,,,0.05800000000000002,,6.1,15,1
511,"Tahlequah, OK",46987,45140,,,,,,,,,
512,"Talladega-Sylacauga, AL",93830,45180,,,,,,,,,
513,"Tallahassee, FL",367413,45220,1,,,,0.063,,7.7,20,
514,"Tampa-St. Petersburg-Clearwater, FL",2783243,45300,1,0.09,10,37,0.07000000000000002,64,7.7,17,11
515,"Taos, NM",32937,45340,,,,,,,5,16,
516,"Terre Haute, IN",172425,45460,,,,,0.063,31,9.6,21,4
517,"Texarkana, TX-AR",149198,45500,,,,,,,9.3,19,
518,"The Dalles, OR",25213,45520,,,,,,,,,
519,"Toledo, OH",610001,45780,,0.08,,,0.065,,8.8,25,22
520,"Topeka, KS",233870,45820,,,,,0.061,52,,,
521,"Torrington, CT",189927,45860,0,,,,0.062,21,4.6,11,2
522,"Traverse City, MI",143372,45900,,,,,0.05700000000000001,,,,
523,"Trenton, NJ",366513,45940,,,,,0.068,,7.6,17,
524,"Troy, AL",32899,45980,,0.16,,,,,,,
525,"Truckee-Grass Valley, CA",98764,46020,,,,,0.072,,6.3,16,
526,"Tucson, AZ",980263,46060,1,,7,30,0.065,139,3.8,9,1
527,"Tulsa, OK",937478,46140,1,0.01,7,,0.066,36,8.7,22,6
528,"Tupelo, MS",136268,46180,,,,,0.061,,,,
529,"Tuscaloosa, AL",230162,46220,,,,,0.06,,7.9,15,
530,"Twin Falls, ID",99604,46300,,,,,,,3.9,9,
531,"Tyler, TX",209714,46340,,,2,14,0.067,,,,
532,"Ukiah, CA",87841,46380,,,,,0.051,38,6,16,
533,"Urban Honolulu, HI",953207,46520,1,,4,28,0.053000000000000005,32,3.9,8,62
534,"Utica-Rome, NY",299397,46540,,,,,0.048,,,,
535,"Valdosta, GA",139588,46660,,,,,,,7.6,15,
536,"Vallejo-Fairfield, CA",413344,46700,2,,7,41,0.066,35,8.6,19,4
537,"Vernal, UT",32588,46860,,,4,28,0.098,18,5.1,16,
538,"Vicksburg, MS",58377,46980,,,,,,,,,
539,"Victoria, TX",94003,47020,,,,,0.062,,,,
540,"Vincennes, IN",38440,47180,,,,,0.061,,,,
541,"Vineland-Bridgeton, NJ",156898,47220,,,6,35,0.068,,7.8,19,
542,"Vineyard Haven, MA",16535,47240,,,,,0.071,,,,
543,"Virginia Beach-Norfolk-Newport News, VA-NC",1676822,47260,1,,8,40,0.061,20,7.1,18,3
544,"Visalia-Porterville, CA",442179,47300,,,10,55,0.083,284,12.9,46,
545,"Wabash, IN",32888,47340,,,,,0.064,,,,
546,"Waco, TX",252772,47380,1,,,,0.063,,,,6
547,"Walla Walla, WA",62859,47460,,,,,,79,,,
548,"Walterboro, SC",5401,47500,,,,,0.026,,,,
549,"Warner Robins, GA",179605,47580,,,,,,,9.5,19,
550,"Warren, PA",41815,47620,,,,,,,,,55
551,"Washington, IN",31648,47780,,,,,,,,,12
552,"Washington, NC",47759,47820,,,,,,,,,13
553,"Washington-Arlington-Alexandria, DC-VA-MD-WV",5636232,47900,2,,16,49,0.075,46,9.1,25,5
554,"Washington Court House, OH",29030,47920,,,,,0.061,,,,
555,"Waterloo-Cedar Falls, IA",167819,47940,,,,,0.062,,7.7,20,
556,"Watertown, SD",27227,47980,,,,,,87,6.3,18,
557,"Watertown-Fort Atkinson, WI",83686,48020,,,,,0.061,,,,
558,"Watertown-Fort Drum, NY",116229,48060,,,,,0.05600000000000001,,,,
559,"Wausau, WI",134063,48140,,,,,0.05899999999999998,,,,
560,"Weatherford, OK",27469,48220,,,,,,54,,,
561,"Weirton-Steubenville, WV-OH",124454,48260,,,,,0.05899999999999998,49,9.5,21,75
562,"Wenatchee, WA",110884,48300,,,,,,,,,1
563,"West Plains, MO",40400,48460,,,,,,,,,
564,"Wheeling, WV-OH",147950,48540,1,,7,31,0.06,35,9.2,22,9
565,"Whitewater-Elkhorn, WI",102228,48580,,,,,0.062,,,,
566,"Wichita, KS",630919,48620,,,6,21,0.062,64,7.5,18,3
567,"Williamsport, PA",116111,48700,,,,,0.05600000000000001,,,,
568,"Williston, ND",22398,48780,,,,,0.05800000000000002,22,4.1,13,70
569,"Willmar, MN",42239,48820,,,,,,,,,
570,"Wilmington, NC",254884,48900,,,,,0.05899999999999998,,,,
571,"Wilmington, OH",42040,48940,,,,,0.065,,,,
572,"Winchester, VA-WV",128472,49020,,,,,0.055,25,7.6,23,
573,"Winona, MN",51461,49100,,,,,,,,,
574,"Winston-Salem, NC",640595,49180,,,7,34,0.065,33,9.5,24,5
575,"Wisconsin Rapids-Marshfield, WI",74749,49220,,,,,,,,,
576,"Worcester, MA-CT",916980,49340,1,,10,48,0.066,37,8,16,2
577,"Yakima, WA",243231,49420,,,,,,60,9.8,34,
578,"York-Hanover, PA",434972,49620,,,,,0.062,,,,8
579,"Youngstown-Warren-Boardman, OH-PA",565773,49660,,,,,0.067,34,8.3,19,5
580,"Yuba City, CA",166892,49700,,,6,40,0.065,78,8.4,27,
581,"Yuma, AZ",195751,49740,,,,,0.065,174,7.9,16,
